,sample_id,user_id,target_class
0,0,15869254-d5cd-4fb9-b035-811bea855fd8,0
199,1,15869254-d5cd-4fb9-b035-811bea855fd8,0
409,2,15869254-d5cd-4fb9-b035-811bea855fd8,0
622,3,15869254-d5cd-4fb9-b035-811bea855fd8,0
838,4,15869254-d5cd-4fb9-b035-811bea855fd8,0
1051,5,15869254-d5cd-4fb9-b035-811bea855fd8,0
1268,6,15869254-d5cd-4fb9-b035-811bea855fd8,0
1484,7,15869254-d5cd-4fb9-b035-811bea855fd8,0
1700,8,15869254-d5cd-4fb9-b035-811bea855fd8,0
1917,9,15869254-d5cd-4fb9-b035-811bea855fd8,0
2133,10,15869254-d5cd-4fb9-b035-811bea855fd8,0
2349,11,15869254-d5cd-4fb9-b035-811bea855fd8,0
2564,12,15869254-d5cd-4fb9-b035-811bea855fd8,0
2779,13,15869254-d5cd-4fb9-b035-811bea855fd8,0
2992,14,15869254-d5cd-4fb9-b035-811bea855fd8,0
3203,15,32d311fe-cf72-47d3-b7a9-1676adbfef9b,0
3333,16,32d311fe-cf72-47d3-b7a9-1676adbfef9b,0
3442,17,32d311fe-cf72-47d3-b7a9-1676adbfef9b,0
3550,18,32d311fe-cf72-47d3-b7a9-1676adbfef9b,0
3681,19,32d311fe-cf72-47d3-b7a9-1676adbfef9b,0
3811,20,32d311fe-cf72-47d3-b7a9-1676adbfef9b,0
3941,21,32d311fe-cf72-47d3-b7a9-1676adbfef9b,0
4072,22,32d311fe-cf72-47d3-b7a9-1676adbfef9b,0
4204,23,32d311fe-cf72-47d3-b7a9-1676adbfef9b,0
4305,24,32d311fe-cf72-47d3-b7a9-1676adbfef9b,0
4437,25,32d311fe-cf72-47d3-b7a9-1676adbfef9b,0
4570,26,32d311fe-cf72-47d3-b7a9-1676adbfef9b,0
4701,27,32d311fe-cf72-47d3-b7a9-1676adbfef9b,0
4835,28,32d311fe-cf72-47d3-b7a9-1676adbfef9b,0
4966,29,32d311fe-cf72-47d3-b7a9-1676adbfef9b,0
5100,30,210d73d2-cc51-4274-9de1-f511763bd851,0
5193,31,210d73d2-cc51-4274-9de1-f511763bd851,0
5298,32,210d73d2-cc51-4274-9de1-f511763bd851,0
5448,33,210d73d2-cc51-4274-9de1-f511763bd851,0
5575,34,210d73d2-cc51-4274-9de1-f511763bd851,0
5705,35,210d73d2-cc51-4274-9de1-f511763bd851,0
5867,36,210d73d2-cc51-4274-9de1-f511763bd851,0
6021,37,210d73d2-cc51-4274-9de1-f511763bd851,0
6179,38,210d73d2-cc51-4274-9de1-f511763bd851,0
6342,39,210d73d2-cc51-4274-9de1-f511763bd851,0
6507,40,210d73d2-cc51-4274-9de1-f511763bd851,0
6667,41,210d73d2-cc51-4274-9de1-f511763bd851,0
6827,42,210d73d2-cc51-4274-9de1-f511763bd851,0
6989,43,210d73d2-cc51-4274-9de1-f511763bd851,0
7152,44,0411bff2-d155-45f1-95d6-cebfd0f7b851,0
7280,45,0411bff2-d155-45f1-95d6-cebfd0f7b851,0
7402,46,0411bff2-d155-45f1-95d6-cebfd0f7b851,0
7513,47,0411bff2-d155-45f1-95d6-cebfd0f7b851,0
7641,48,0411bff2-d155-45f1-95d6-cebfd0f7b851,0
7771,49,0411bff2-d155-45f1-95d6-cebfd0f7b851,0
7902,50,0411bff2-d155-45f1-95d6-cebfd0f7b851,0
8007,51,0411bff2-d155-45f1-95d6-cebfd0f7b851,0
8137,52,0411bff2-d155-45f1-95d6-cebfd0f7b851,0
8268,53,0411bff2-d155-45f1-95d6-cebfd0f7b851,0
8404,54,0411bff2-d155-45f1-95d6-cebfd0f7b851,0
8514,55,0411bff2-d155-45f1-95d6-cebfd0f7b851,0
8644,56,0411bff2-d155-45f1-95d6-cebfd0f7b851,0
8766,57,0411bff2-d155-45f1-95d6-cebfd0f7b851,0
8887,58,0411bff2-d155-45f1-95d6-cebfd0f7b851,0
9023,59,ecc13f87-2ac6-42de-bbe0-e1457c61c81d,0
9211,60,ecc13f87-2ac6-42de-bbe0-e1457c61c81d,0
9406,61,ecc13f87-2ac6-42de-bbe0-e1457c61c81d,0
9596,62,ecc13f87-2ac6-42de-bbe0-e1457c61c81d,0
9788,63,ecc13f87-2ac6-42de-bbe0-e1457c61c81d,0
9987,64,ecc13f87-2ac6-42de-bbe0-e1457c61c81d,0
10189,65,ecc13f87-2ac6-42de-bbe0-e1457c61c81d,0
10393,66,ecc13f87-2ac6-42de-bbe0-e1457c61c81d,0
10598,67,ecc13f87-2ac6-42de-bbe0-e1457c61c81d,0
10809,68,ecc13f87-2ac6-42de-bbe0-e1457c61c81d,0
11019,69,ecc13f87-2ac6-42de-bbe0-e1457c61c81d,0
11229,70,ecc13f87-2ac6-42de-bbe0-e1457c61c81d,0
11437,71,ecc13f87-2ac6-42de-bbe0-e1457c61c81d,0
11608,72,ecc13f87-2ac6-42de-bbe0-e1457c61c81d,0
11810,73,ecc13f87-2ac6-42de-bbe0-e1457c61c81d,0
12013,74,21976daf-e4ab-4007-8280-878809757216,0
12228,75,21976daf-e4ab-4007-8280-878809757216,0
12463,76,21976daf-e4ab-4007-8280-878809757216,0
12699,77,21976daf-e4ab-4007-8280-878809757216,0
12930,78,21976daf-e4ab-4007-8280-878809757216,0
13166,79,21976daf-e4ab-4007-8280-878809757216,0
13406,80,21976daf-e4ab-4007-8280-878809757216,0
13647,81,21976daf-e4ab-4007-8280-878809757216,0
13888,82,21976daf-e4ab-4007-8280-878809757216,0
14129,83,21976daf-e4ab-4007-8280-878809757216,0
14371,84,21976daf-e4ab-4007-8280-878809757216,0
14614,85,21976daf-e4ab-4007-8280-878809757216,0
14850,86,21976daf-e4ab-4007-8280-878809757216,0
15025,87,21976daf-e4ab-4007-8280-878809757216,0
15267,88,21976daf-e4ab-4007-8280-878809757216,0
15509,89,7026e9ca-9c30-4ac6-a75b-f19c50c3691b,0
15682,90,7026e9ca-9c30-4ac6-a75b-f19c50c3691b,0
15863,91,7026e9ca-9c30-4ac6-a75b-f19c50c3691b,0
16043,92,7026e9ca-9c30-4ac6-a75b-f19c50c3691b,0
16169,93,7026e9ca-9c30-4ac6-a75b-f19c50c3691b,0
16281,94,7026e9ca-9c30-4ac6-a75b-f19c50c3691b,0
16465,95,7026e9ca-9c30-4ac6-a75b-f19c50c3691b,0
16589,96,7026e9ca-9c30-4ac6-a75b-f19c50c3691b,0
16737,97,7026e9ca-9c30-4ac6-a75b-f19c50c3691b,0
16915,98,7026e9ca-9c30-4ac6-a75b-f19c50c3691b,0
17085,99,7026e9ca-9c30-4ac6-a75b-f19c50c3691b,0
17223,100,7026e9ca-9c30-4ac6-a75b-f19c50c3691b,0
17366,101,7026e9ca-9c30-4ac6-a75b-f19c50c3691b,0
17491,102,7026e9ca-9c30-4ac6-a75b-f19c50c3691b,0
17676,103,7026e9ca-9c30-4ac6-a75b-f19c50c3691b,0
17859,104,99f60006-f352-464a-bf0b-fdc9c5a2d91c,0
18035,105,99f60006-f352-464a-bf0b-fdc9c5a2d91c,0
18204,106,99f60006-f352-464a-bf0b-fdc9c5a2d91c,0
18367,107,99f60006-f352-464a-bf0b-fdc9c5a2d91c,0
18517,108,99f60006-f352-464a-bf0b-fdc9c5a2d91c,0
18645,109,99f60006-f352-464a-bf0b-fdc9c5a2d91c,0
18795,110,99f60006-f352-464a-bf0b-fdc9c5a2d91c,0
18945,111,99f60006-f352-464a-bf0b-fdc9c5a2d91c,0
19094,112,99f60006-f352-464a-bf0b-fdc9c5a2d91c,0
19249,113,99f60006-f352-464a-bf0b-fdc9c5a2d91c,0
19393,114,99f60006-f352-464a-bf0b-fdc9c5a2d91c,0
19535,115,99f60006-f352-464a-bf0b-fdc9c5a2d91c,0
19693,116,99f60006-f352-464a-bf0b-fdc9c5a2d91c,0
19850,117,99f60006-f352-464a-bf0b-fdc9c5a2d91c,0
20009,118,99f60006-f352-464a-bf0b-fdc9c5a2d91c,0
20167,119,9887d614-01eb-4470-b7b9-199144536e8a,0
20323,120,9887d614-01eb-4470-b7b9-199144536e8a,0
20479,121,9887d614-01eb-4470-b7b9-199144536e8a,0
20634,122,9887d614-01eb-4470-b7b9-199144536e8a,0
20780,123,9887d614-01eb-4470-b7b9-199144536e8a,0
20926,124,9887d614-01eb-4470-b7b9-199144536e8a,0
21069,125,9887d614-01eb-4470-b7b9-199144536e8a,0
21211,126,9887d614-01eb-4470-b7b9-199144536e8a,0
21353,127,9887d614-01eb-4470-b7b9-199144536e8a,0
21498,128,9887d614-01eb-4470-b7b9-199144536e8a,0
21642,129,9887d614-01eb-4470-b7b9-199144536e8a,0
21750,130,9887d614-01eb-4470-b7b9-199144536e8a,0
21894,131,9887d614-01eb-4470-b7b9-199144536e8a,0
22040,132,9887d614-01eb-4470-b7b9-199144536e8a,0
22156,133,9887d614-01eb-4470-b7b9-199144536e8a,0
22299,134,47e73c4b-3ef6-4861-ade7-a9e9ebe1b5af,0
22439,135,47e73c4b-3ef6-4861-ade7-a9e9ebe1b5af,0
22616,136,47e73c4b-3ef6-4861-ade7-a9e9ebe1b5af,0
22797,137,47e73c4b-3ef6-4861-ade7-a9e9ebe1b5af,0
22981,138,47e73c4b-3ef6-4861-ade7-a9e9ebe1b5af,0
23166,139,47e73c4b-3ef6-4861-ade7-a9e9ebe1b5af,0
23358,140,47e73c4b-3ef6-4861-ade7-a9e9ebe1b5af,0
23553,141,47e73c4b-3ef6-4861-ade7-a9e9ebe1b5af,0
23749,142,47e73c4b-3ef6-4861-ade7-a9e9ebe1b5af,0
23946,143,47e73c4b-3ef6-4861-ade7-a9e9ebe1b5af,0
24139,144,47e73c4b-3ef6-4861-ade7-a9e9ebe1b5af,0
24337,145,47e73c4b-3ef6-4861-ade7-a9e9ebe1b5af,0
24539,146,47e73c4b-3ef6-4861-ade7-a9e9ebe1b5af,0
24747,147,47e73c4b-3ef6-4861-ade7-a9e9ebe1b5af,0
24960,148,47e73c4b-3ef6-4861-ade7-a9e9ebe1b5af,0
25178,149,456508a3-7de9-4804-b056-b9a310146226,0
25320,150,456508a3-7de9-4804-b056-b9a310146226,0
25462,151,456508a3-7de9-4804-b056-b9a310146226,0
25577,152,456508a3-7de9-4804-b056-b9a310146226,0
25694,153,456508a3-7de9-4804-b056-b9a310146226,0
25818,154,456508a3-7de9-4804-b056-b9a310146226,0
25961,155,456508a3-7de9-4804-b056-b9a310146226,0
26104,156,456508a3-7de9-4804-b056-b9a310146226,0
26249,157,456508a3-7de9-4804-b056-b9a310146226,0
26396,158,456508a3-7de9-4804-b056-b9a310146226,0
26542,159,456508a3-7de9-4804-b056-b9a310146226,0
26688,160,456508a3-7de9-4804-b056-b9a310146226,0
26834,161,456508a3-7de9-4804-b056-b9a310146226,0
26980,162,456508a3-7de9-4804-b056-b9a310146226,0
27128,163,456508a3-7de9-4804-b056-b9a310146226,0
27274,164,6dba511e-cff9-4df5-a15e-6ba8950a1806,0
27462,165,6dba511e-cff9-4df5-a15e-6ba8950a1806,0
27650,166,6dba511e-cff9-4df5-a15e-6ba8950a1806,0
27837,167,6dba511e-cff9-4df5-a15e-6ba8950a1806,0
28027,168,6dba511e-cff9-4df5-a15e-6ba8950a1806,0
28221,169,6dba511e-cff9-4df5-a15e-6ba8950a1806,0
28390,170,6dba511e-cff9-4df5-a15e-6ba8950a1806,0
28483,171,6dba511e-cff9-4df5-a15e-6ba8950a1806,0
28638,172,6dba511e-cff9-4df5-a15e-6ba8950a1806,0
28776,173,6dba511e-cff9-4df5-a15e-6ba8950a1806,0
28855,174,6dba511e-cff9-4df5-a15e-6ba8950a1806,0
28979,175,6dba511e-cff9-4df5-a15e-6ba8950a1806,0
29168,176,6dba511e-cff9-4df5-a15e-6ba8950a1806,0
29356,177,6dba511e-cff9-4df5-a15e-6ba8950a1806,0
29507,178,6dba511e-cff9-4df5-a15e-6ba8950a1806,0
29696,179,ea439590-2ccd-439b-8b13-61c0dce275cc,0
29842,180,ea439590-2ccd-439b-8b13-61c0dce275cc,0
29966,181,ea439590-2ccd-439b-8b13-61c0dce275cc,0
30111,182,ea439590-2ccd-439b-8b13-61c0dce275cc,0
30260,183,ea439590-2ccd-439b-8b13-61c0dce275cc,0
30405,184,ea439590-2ccd-439b-8b13-61c0dce275cc,0
30552,185,ea439590-2ccd-439b-8b13-61c0dce275cc,0
30700,186,ea439590-2ccd-439b-8b13-61c0dce275cc,0
30851,187,ea439590-2ccd-439b-8b13-61c0dce275cc,0
30999,188,ea439590-2ccd-439b-8b13-61c0dce275cc,0
31153,189,ea439590-2ccd-439b-8b13-61c0dce275cc,0
31304,190,ea439590-2ccd-439b-8b13-61c0dce275cc,0
31455,191,ea439590-2ccd-439b-8b13-61c0dce275cc,0
31605,192,ea439590-2ccd-439b-8b13-61c0dce275cc,0
31756,193,ea439590-2ccd-439b-8b13-61c0dce275cc,0
31903,194,22446133-ae52-46e4-99e8-dc17d727fc2c,0
32108,195,22446133-ae52-46e4-99e8-dc17d727fc2c,0
32270,196,22446133-ae52-46e4-99e8-dc17d727fc2c,0
32434,197,22446133-ae52-46e4-99e8-dc17d727fc2c,0
32624,198,22446133-ae52-46e4-99e8-dc17d727fc2c,0
32775,199,22446133-ae52-46e4-99e8-dc17d727fc2c,0
32965,200,22446133-ae52-46e4-99e8-dc17d727fc2c,0
33153,201,22446133-ae52-46e4-99e8-dc17d727fc2c,0
33341,202,22446133-ae52-46e4-99e8-dc17d727fc2c,0
33526,203,22446133-ae52-46e4-99e8-dc17d727fc2c,0
33712,204,22446133-ae52-46e4-99e8-dc17d727fc2c,0
33899,205,22446133-ae52-46e4-99e8-dc17d727fc2c,0
34087,206,22446133-ae52-46e4-99e8-dc17d727fc2c,0
34274,207,22446133-ae52-46e4-99e8-dc17d727fc2c,0
34460,208,22446133-ae52-46e4-99e8-dc17d727fc2c,0
34651,209,aa55b470-3d40-4cf2-97bd-0d42f62e0255,0
34781,210,aa55b470-3d40-4cf2-97bd-0d42f62e0255,0
34933,211,aa55b470-3d40-4cf2-97bd-0d42f62e0255,0
35087,212,aa55b470-3d40-4cf2-97bd-0d42f62e0255,0
35242,213,aa55b470-3d40-4cf2-97bd-0d42f62e0255,0
35399,214,aa55b470-3d40-4cf2-97bd-0d42f62e0255,0
35553,215,aa55b470-3d40-4cf2-97bd-0d42f62e0255,0
35708,216,aa55b470-3d40-4cf2-97bd-0d42f62e0255,0
35866,217,aa55b470-3d40-4cf2-97bd-0d42f62e0255,0
36023,218,aa55b470-3d40-4cf2-97bd-0d42f62e0255,0
36183,219,aa55b470-3d40-4cf2-97bd-0d42f62e0255,0
36340,220,aa55b470-3d40-4cf2-97bd-0d42f62e0255,0
36494,221,aa55b470-3d40-4cf2-97bd-0d42f62e0255,0
36648,222,aa55b470-3d40-4cf2-97bd-0d42f62e0255,0
36803,223,aa55b470-3d40-4cf2-97bd-0d42f62e0255,0
36962,224,06f0f7ea-eb68-41ec-80e2-41e700ba5a7f,0
37093,225,06f0f7ea-eb68-41ec-80e2-41e700ba5a7f,0
37241,226,06f0f7ea-eb68-41ec-80e2-41e700ba5a7f,0
37393,227,06f0f7ea-eb68-41ec-80e2-41e700ba5a7f,0
37545,228,06f0f7ea-eb68-41ec-80e2-41e700ba5a7f,0
37699,229,06f0f7ea-eb68-41ec-80e2-41e700ba5a7f,0
37853,230,06f0f7ea-eb68-41ec-80e2-41e700ba5a7f,0
37978,231,06f0f7ea-eb68-41ec-80e2-41e700ba5a7f,0
38131,232,06f0f7ea-eb68-41ec-80e2-41e700ba5a7f,0
38287,233,06f0f7ea-eb68-41ec-80e2-41e700ba5a7f,0
38446,234,06f0f7ea-eb68-41ec-80e2-41e700ba5a7f,0
38604,235,06f0f7ea-eb68-41ec-80e2-41e700ba5a7f,0
38763,236,06f0f7ea-eb68-41ec-80e2-41e700ba5a7f,0
38875,237,06f0f7ea-eb68-41ec-80e2-41e700ba5a7f,0
39028,238,06f0f7ea-eb68-41ec-80e2-41e700ba5a7f,0
39160,239,0b926353-8e14-4840-a7e4-73aaa9176e40,0
39352,240,0b926353-8e14-4840-a7e4-73aaa9176e40,0
39534,241,0b926353-8e14-4840-a7e4-73aaa9176e40,0
39716,242,0b926353-8e14-4840-a7e4-73aaa9176e40,0
39899,243,0b926353-8e14-4840-a7e4-73aaa9176e40,0
40085,244,0b926353-8e14-4840-a7e4-73aaa9176e40,0
40269,245,0b926353-8e14-4840-a7e4-73aaa9176e40,0
40458,246,0b926353-8e14-4840-a7e4-73aaa9176e40,0
40643,247,0b926353-8e14-4840-a7e4-73aaa9176e40,0
40829,248,0b926353-8e14-4840-a7e4-73aaa9176e40,0
41019,249,0b926353-8e14-4840-a7e4-73aaa9176e40,0
41207,250,0b926353-8e14-4840-a7e4-73aaa9176e40,0
41396,251,0b926353-8e14-4840-a7e4-73aaa9176e40,0
41584,252,0b926353-8e14-4840-a7e4-73aaa9176e40,0
41772,253,0b926353-8e14-4840-a7e4-73aaa9176e40,0
41960,254,86070dc4-ae50-4f55-889c-8f597484731b,0
42171,255,86070dc4-ae50-4f55-889c-8f597484731b,0
42333,256,86070dc4-ae50-4f55-889c-8f597484731b,0
42508,257,86070dc4-ae50-4f55-889c-8f597484731b,0
42713,258,86070dc4-ae50-4f55-889c-8f597484731b,0
42925,259,86070dc4-ae50-4f55-889c-8f597484731b,0
43136,260,86070dc4-ae50-4f55-889c-8f597484731b,0
43351,261,86070dc4-ae50-4f55-889c-8f597484731b,0
43569,262,86070dc4-ae50-4f55-889c-8f597484731b,0
43788,263,86070dc4-ae50-4f55-889c-8f597484731b,0
44009,264,86070dc4-ae50-4f55-889c-8f597484731b,0
44233,265,86070dc4-ae50-4f55-889c-8f597484731b,0
44454,266,86070dc4-ae50-4f55-889c-8f597484731b,0
44676,267,86070dc4-ae50-4f55-889c-8f597484731b,0
44901,268,86070dc4-ae50-4f55-889c-8f597484731b,0
45129,269,9ca5ef12-fdd0-4463-ba2f-0ef310017071,0
45270,270,9ca5ef12-fdd0-4463-ba2f-0ef310017071,0
45408,271,9ca5ef12-fdd0-4463-ba2f-0ef310017071,0
45552,272,9ca5ef12-fdd0-4463-ba2f-0ef310017071,0
45663,273,9ca5ef12-fdd0-4463-ba2f-0ef310017071,0
45798,274,9ca5ef12-fdd0-4463-ba2f-0ef310017071,0
45909,275,9ca5ef12-fdd0-4463-ba2f-0ef310017071,0
46045,276,9ca5ef12-fdd0-4463-ba2f-0ef310017071,0
46185,277,9ca5ef12-fdd0-4463-ba2f-0ef310017071,0
46327,278,9ca5ef12-fdd0-4463-ba2f-0ef310017071,0
46468,279,9ca5ef12-fdd0-4463-ba2f-0ef310017071,0
46609,280,9ca5ef12-fdd0-4463-ba2f-0ef310017071,0
46751,281,9ca5ef12-fdd0-4463-ba2f-0ef310017071,0
46893,282,9ca5ef12-fdd0-4463-ba2f-0ef310017071,0
47035,283,9ca5ef12-fdd0-4463-ba2f-0ef310017071,0
47178,284,ba59e80d-a539-4e99-b124-f4e98120bdf9,0
47304,285,ba59e80d-a539-4e99-b124-f4e98120bdf9,0
47426,286,ba59e80d-a539-4e99-b124-f4e98120bdf9,0
47554,287,ba59e80d-a539-4e99-b124-f4e98120bdf9,0
47683,288,ba59e80d-a539-4e99-b124-f4e98120bdf9,0
47805,289,ba59e80d-a539-4e99-b124-f4e98120bdf9,0
47926,290,ba59e80d-a539-4e99-b124-f4e98120bdf9,0
48047,291,ba59e80d-a539-4e99-b124-f4e98120bdf9,0
48167,292,ba59e80d-a539-4e99-b124-f4e98120bdf9,0
48287,293,ba59e80d-a539-4e99-b124-f4e98120bdf9,0
48408,294,ba59e80d-a539-4e99-b124-f4e98120bdf9,0
48530,295,ba59e80d-a539-4e99-b124-f4e98120bdf9,0
48651,296,ba59e80d-a539-4e99-b124-f4e98120bdf9,0
48773,297,ba59e80d-a539-4e99-b124-f4e98120bdf9,0
48897,298,ba59e80d-a539-4e99-b124-f4e98120bdf9,0
49020,299,a490bc3e-b108-4488-baed-d369c3bccedf,0
49084,300,a490bc3e-b108-4488-baed-d369c3bccedf,0
49205,301,a490bc3e-b108-4488-baed-d369c3bccedf,0
49286,302,a490bc3e-b108-4488-baed-d369c3bccedf,0
49363,303,a490bc3e-b108-4488-baed-d369c3bccedf,0
49441,304,a490bc3e-b108-4488-baed-d369c3bccedf,0
49524,305,a490bc3e-b108-4488-baed-d369c3bccedf,0
49624,306,a490bc3e-b108-4488-baed-d369c3bccedf,0
49735,307,a490bc3e-b108-4488-baed-d369c3bccedf,0
49871,308,a490bc3e-b108-4488-baed-d369c3bccedf,0
49957,309,a490bc3e-b108-4488-baed-d369c3bccedf,0
50056,310,a490bc3e-b108-4488-baed-d369c3bccedf,0
50153,311,a490bc3e-b108-4488-baed-d369c3bccedf,0
50287,312,a490bc3e-b108-4488-baed-d369c3bccedf,0
50419,313,a490bc3e-b108-4488-baed-d369c3bccedf,0
50563,314,4573c46c-4c68-415d-a13d-568722b3462b,0
50701,315,4573c46c-4c68-415d-a13d-568722b3462b,0
50852,316,4573c46c-4c68-415d-a13d-568722b3462b,0
50999,317,4573c46c-4c68-415d-a13d-568722b3462b,0
51143,318,4573c46c-4c68-415d-a13d-568722b3462b,0
51289,319,4573c46c-4c68-415d-a13d-568722b3462b,0
51433,320,4573c46c-4c68-415d-a13d-568722b3462b,0
51575,321,4573c46c-4c68-415d-a13d-568722b3462b,0
51721,322,4573c46c-4c68-415d-a13d-568722b3462b,0
51870,323,4573c46c-4c68-415d-a13d-568722b3462b,0
52014,324,4573c46c-4c68-415d-a13d-568722b3462b,0
52154,325,4573c46c-4c68-415d-a13d-568722b3462b,0
52297,326,4573c46c-4c68-415d-a13d-568722b3462b,0
52440,327,4573c46c-4c68-415d-a13d-568722b3462b,0
52582,328,4573c46c-4c68-415d-a13d-568722b3462b,0
52678,329,aa2815ee-b022-44c2-b49d-13e222ee703a,0
52826,330,aa2815ee-b022-44c2-b49d-13e222ee703a,0
52946,331,aa2815ee-b022-44c2-b49d-13e222ee703a,0
53092,332,aa2815ee-b022-44c2-b49d-13e222ee703a,0
53236,333,aa2815ee-b022-44c2-b49d-13e222ee703a,0
53382,334,aa2815ee-b022-44c2-b49d-13e222ee703a,0
53525,335,aa2815ee-b022-44c2-b49d-13e222ee703a,0
53668,336,aa2815ee-b022-44c2-b49d-13e222ee703a,0
53809,337,aa2815ee-b022-44c2-b49d-13e222ee703a,0
53952,338,aa2815ee-b022-44c2-b49d-13e222ee703a,0
54096,339,aa2815ee-b022-44c2-b49d-13e222ee703a,0
54239,340,aa2815ee-b022-44c2-b49d-13e222ee703a,0
54383,341,aa2815ee-b022-44c2-b49d-13e222ee703a,0
54528,342,aa2815ee-b022-44c2-b49d-13e222ee703a,0
54673,343,aa2815ee-b022-44c2-b49d-13e222ee703a,0
54820,344,1e94ab84-314a-45d2-8d55-69f47bebfa1d,0
54963,345,1e94ab84-314a-45d2-8d55-69f47bebfa1d,0
55122,346,1e94ab84-314a-45d2-8d55-69f47bebfa1d,0
55283,347,1e94ab84-314a-45d2-8d55-69f47bebfa1d,0
55383,348,1e94ab84-314a-45d2-8d55-69f47bebfa1d,0
55540,349,1e94ab84-314a-45d2-8d55-69f47bebfa1d,0
55694,350,1e94ab84-314a-45d2-8d55-69f47bebfa1d,0
55844,351,1e94ab84-314a-45d2-8d55-69f47bebfa1d,0
56001,352,1e94ab84-314a-45d2-8d55-69f47bebfa1d,0
56150,353,1e94ab84-314a-45d2-8d55-69f47bebfa1d,0
56298,354,1e94ab84-314a-45d2-8d55-69f47bebfa1d,0
56447,355,1e94ab84-314a-45d2-8d55-69f47bebfa1d,0
56588,356,1e94ab84-314a-45d2-8d55-69f47bebfa1d,0
56719,357,1e94ab84-314a-45d2-8d55-69f47bebfa1d,0
56815,358,1ab5bd79-7f25-4cae-b62f-80494c3708e5,0
56974,359,1ab5bd79-7f25-4cae-b62f-80494c3708e5,0
57156,360,1ab5bd79-7f25-4cae-b62f-80494c3708e5,0
57336,361,1ab5bd79-7f25-4cae-b62f-80494c3708e5,0
57507,362,1ab5bd79-7f25-4cae-b62f-80494c3708e5,0
57675,363,1ab5bd79-7f25-4cae-b62f-80494c3708e5,0
57841,364,1ab5bd79-7f25-4cae-b62f-80494c3708e5,0
58008,365,1ab5bd79-7f25-4cae-b62f-80494c3708e5,0
58176,366,1ab5bd79-7f25-4cae-b62f-80494c3708e5,0
58350,367,1ab5bd79-7f25-4cae-b62f-80494c3708e5,0
58522,368,1ab5bd79-7f25-4cae-b62f-80494c3708e5,0
58696,369,1ab5bd79-7f25-4cae-b62f-80494c3708e5,0
58874,370,1ab5bd79-7f25-4cae-b62f-80494c3708e5,0
59052,371,1ab5bd79-7f25-4cae-b62f-80494c3708e5,0
59228,372,1ab5bd79-7f25-4cae-b62f-80494c3708e5,0
59408,373,8bb3ac2d-a346-4081-80a0-e2aee40bb4c4,0
59565,374,8bb3ac2d-a346-4081-80a0-e2aee40bb4c4,0
59745,375,8bb3ac2d-a346-4081-80a0-e2aee40bb4c4,0
59918,376,8bb3ac2d-a346-4081-80a0-e2aee40bb4c4,0
60053,377,8bb3ac2d-a346-4081-80a0-e2aee40bb4c4,0
60229,378,8bb3ac2d-a346-4081-80a0-e2aee40bb4c4,0
60373,379,8bb3ac2d-a346-4081-80a0-e2aee40bb4c4,0
60514,380,8bb3ac2d-a346-4081-80a0-e2aee40bb4c4,0
60683,381,8bb3ac2d-a346-4081-80a0-e2aee40bb4c4,0
60851,382,8bb3ac2d-a346-4081-80a0-e2aee40bb4c4,0
61013,383,8bb3ac2d-a346-4081-80a0-e2aee40bb4c4,0
61181,384,8bb3ac2d-a346-4081-80a0-e2aee40bb4c4,0
61309,385,8bb3ac2d-a346-4081-80a0-e2aee40bb4c4,0
61460,386,8bb3ac2d-a346-4081-80a0-e2aee40bb4c4,0
61610,387,8bb3ac2d-a346-4081-80a0-e2aee40bb4c4,0
61759,388,d3c957af-8464-477a-ac8b-261214b8d84a,0
61924,389,d3c957af-8464-477a-ac8b-261214b8d84a,0
62110,390,d3c957af-8464-477a-ac8b-261214b8d84a,0
62213,391,d3c957af-8464-477a-ac8b-261214b8d84a,0
62390,392,d3c957af-8464-477a-ac8b-261214b8d84a,0
62564,393,d3c957af-8464-477a-ac8b-261214b8d84a,0
62741,394,d3c957af-8464-477a-ac8b-261214b8d84a,0
62885,395,d3c957af-8464-477a-ac8b-261214b8d84a,0
63063,396,d3c957af-8464-477a-ac8b-261214b8d84a,0
63239,397,d3c957af-8464-477a-ac8b-261214b8d84a,0
63388,398,d3c957af-8464-477a-ac8b-261214b8d84a,0
63575,399,d3c957af-8464-477a-ac8b-261214b8d84a,0
63754,400,d3c957af-8464-477a-ac8b-261214b8d84a,0
63937,401,d3c957af-8464-477a-ac8b-261214b8d84a,0
64121,402,d3c957af-8464-477a-ac8b-261214b8d84a,0
64303,403,9841758b-8028-4224-a60f-665972ec85db,0
64484,404,9841758b-8028-4224-a60f-665972ec85db,0
64664,405,9841758b-8028-4224-a60f-665972ec85db,0
64838,406,9841758b-8028-4224-a60f-665972ec85db,0
65006,407,9841758b-8028-4224-a60f-665972ec85db,0
65174,408,9841758b-8028-4224-a60f-665972ec85db,0
65308,409,9841758b-8028-4224-a60f-665972ec85db,0
65484,410,9841758b-8028-4224-a60f-665972ec85db,0
65661,411,9841758b-8028-4224-a60f-665972ec85db,0
65842,412,9841758b-8028-4224-a60f-665972ec85db,0
66021,413,9841758b-8028-4224-a60f-665972ec85db,0
66171,414,9841758b-8028-4224-a60f-665972ec85db,0
66331,415,9841758b-8028-4224-a60f-665972ec85db,0
66508,416,9841758b-8028-4224-a60f-665972ec85db,0
66685,417,9841758b-8028-4224-a60f-665972ec85db,0
66828,418,9cfbf3b8-a07a-4f0e-8e27-6ce5210f680d,0
67030,419,9cfbf3b8-a07a-4f0e-8e27-6ce5210f680d,0
67226,420,9cfbf3b8-a07a-4f0e-8e27-6ce5210f680d,0
67414,421,9cfbf3b8-a07a-4f0e-8e27-6ce5210f680d,0
67572,422,9cfbf3b8-a07a-4f0e-8e27-6ce5210f680d,0
67729,423,9cfbf3b8-a07a-4f0e-8e27-6ce5210f680d,0
67895,424,9cfbf3b8-a07a-4f0e-8e27-6ce5210f680d,0
68032,425,9cfbf3b8-a07a-4f0e-8e27-6ce5210f680d,0
68195,426,9cfbf3b8-a07a-4f0e-8e27-6ce5210f680d,0
68359,427,9cfbf3b8-a07a-4f0e-8e27-6ce5210f680d,0
68524,428,9cfbf3b8-a07a-4f0e-8e27-6ce5210f680d,0
68614,429,9cfbf3b8-a07a-4f0e-8e27-6ce5210f680d,0
68773,430,9cfbf3b8-a07a-4f0e-8e27-6ce5210f680d,0
68934,431,9cfbf3b8-a07a-4f0e-8e27-6ce5210f680d,0
69093,432,9cfbf3b8-a07a-4f0e-8e27-6ce5210f680d,0
69254,433,7b90a1fb-bc67-4d73-a781-51a7e32a56e6,0
69408,434,7b90a1fb-bc67-4d73-a781-51a7e32a56e6,0
69559,435,7b90a1fb-bc67-4d73-a781-51a7e32a56e6,0
69703,436,7b90a1fb-bc67-4d73-a781-51a7e32a56e6,0
69829,437,7b90a1fb-bc67-4d73-a781-51a7e32a56e6,0
69940,438,7b90a1fb-bc67-4d73-a781-51a7e32a56e6,0
70052,439,7b90a1fb-bc67-4d73-a781-51a7e32a56e6,0
70162,440,7b90a1fb-bc67-4d73-a781-51a7e32a56e6,0
70278,441,7b90a1fb-bc67-4d73-a781-51a7e32a56e6,0
70417,442,7b90a1fb-bc67-4d73-a781-51a7e32a56e6,0
70556,443,7b90a1fb-bc67-4d73-a781-51a7e32a56e6,0
70697,444,7b90a1fb-bc67-4d73-a781-51a7e32a56e6,0
70835,445,7b90a1fb-bc67-4d73-a781-51a7e32a56e6,0
70946,446,7b90a1fb-bc67-4d73-a781-51a7e32a56e6,0
71087,447,7b90a1fb-bc67-4d73-a781-51a7e32a56e6,0
71230,448,c3cdbc7d-1e54-4e43-b9cd-2777c60758bf,0
71418,449,c3cdbc7d-1e54-4e43-b9cd-2777c60758bf,0
71625,450,c3cdbc7d-1e54-4e43-b9cd-2777c60758bf,0
71795,451,c3cdbc7d-1e54-4e43-b9cd-2777c60758bf,0
71958,452,c3cdbc7d-1e54-4e43-b9cd-2777c60758bf,0
72168,453,c3cdbc7d-1e54-4e43-b9cd-2777c60758bf,0
72373,454,c3cdbc7d-1e54-4e43-b9cd-2777c60758bf,0
72577,455,c3cdbc7d-1e54-4e43-b9cd-2777c60758bf,0
72746,456,c3cdbc7d-1e54-4e43-b9cd-2777c60758bf,0
72951,457,c3cdbc7d-1e54-4e43-b9cd-2777c60758bf,0
73154,458,c3cdbc7d-1e54-4e43-b9cd-2777c60758bf,0
73357,459,c3cdbc7d-1e54-4e43-b9cd-2777c60758bf,0
73557,460,c3cdbc7d-1e54-4e43-b9cd-2777c60758bf,0
73758,461,c3cdbc7d-1e54-4e43-b9cd-2777c60758bf,0
73957,462,c3cdbc7d-1e54-4e43-b9cd-2777c60758bf,0
74158,463,30c5feee-6728-4ee5-bf0b-44cd313f7712,0
74303,464,30c5feee-6728-4ee5-bf0b-44cd313f7712,0
74442,465,30c5feee-6728-4ee5-bf0b-44cd313f7712,0
74582,466,30c5feee-6728-4ee5-bf0b-44cd313f7712,0
74719,467,30c5feee-6728-4ee5-bf0b-44cd313f7712,0
74860,468,30c5feee-6728-4ee5-bf0b-44cd313f7712,0
75002,469,30c5feee-6728-4ee5-bf0b-44cd313f7712,0
75144,470,30c5feee-6728-4ee5-bf0b-44cd313f7712,0
75285,471,30c5feee-6728-4ee5-bf0b-44cd313f7712,0
75428,472,30c5feee-6728-4ee5-bf0b-44cd313f7712,0
75568,473,30c5feee-6728-4ee5-bf0b-44cd313f7712,0
75707,474,30c5feee-6728-4ee5-bf0b-44cd313f7712,0
75816,475,30c5feee-6728-4ee5-bf0b-44cd313f7712,0
75955,476,30c5feee-6728-4ee5-bf0b-44cd313f7712,0
76093,477,30c5feee-6728-4ee5-bf0b-44cd313f7712,0
76234,478,92e0cb70-a55d-499a-9a04-b7f2db570bc3,0
76382,479,92e0cb70-a55d-499a-9a04-b7f2db570bc3,0
76531,480,92e0cb70-a55d-499a-9a04-b7f2db570bc3,0
76685,481,92e0cb70-a55d-499a-9a04-b7f2db570bc3,0
76840,482,92e0cb70-a55d-499a-9a04-b7f2db570bc3,0
77001,483,92e0cb70-a55d-499a-9a04-b7f2db570bc3,0
77155,484,92e0cb70-a55d-499a-9a04-b7f2db570bc3,0
77313,485,92e0cb70-a55d-499a-9a04-b7f2db570bc3,0
77466,486,92e0cb70-a55d-499a-9a04-b7f2db570bc3,0
77617,487,92e0cb70-a55d-499a-9a04-b7f2db570bc3,0
77761,488,92e0cb70-a55d-499a-9a04-b7f2db570bc3,0
77909,489,92e0cb70-a55d-499a-9a04-b7f2db570bc3,0
77998,490,92e0cb70-a55d-499a-9a04-b7f2db570bc3,0
78165,491,92e0cb70-a55d-499a-9a04-b7f2db570bc3,0
78305,492,92e0cb70-a55d-499a-9a04-b7f2db570bc3,0
78471,493,41f26ce0-50b4-49f3-b7d3-469c2c27a7cd,0
78595,494,41f26ce0-50b4-49f3-b7d3-469c2c27a7cd,0
78734,495,41f26ce0-50b4-49f3-b7d3-469c2c27a7cd,0
78872,496,41f26ce0-50b4-49f3-b7d3-469c2c27a7cd,0
79012,497,41f26ce0-50b4-49f3-b7d3-469c2c27a7cd,0
79153,498,41f26ce0-50b4-49f3-b7d3-469c2c27a7cd,0
79293,499,41f26ce0-50b4-49f3-b7d3-469c2c27a7cd,0
79436,500,41f26ce0-50b4-49f3-b7d3-469c2c27a7cd,0
79580,501,41f26ce0-50b4-49f3-b7d3-469c2c27a7cd,0
79725,502,41f26ce0-50b4-49f3-b7d3-469c2c27a7cd,0
79871,503,41f26ce0-50b4-49f3-b7d3-469c2c27a7cd,0
80014,504,41f26ce0-50b4-49f3-b7d3-469c2c27a7cd,0
80159,505,41f26ce0-50b4-49f3-b7d3-469c2c27a7cd,0
80304,506,41f26ce0-50b4-49f3-b7d3-469c2c27a7cd,0
80449,507,41f26ce0-50b4-49f3-b7d3-469c2c27a7cd,0
80594,508,812a77e9-bc65-41d1-8e72-b25eecdd4e3a,0
80736,509,812a77e9-bc65-41d1-8e72-b25eecdd4e3a,0
80881,510,812a77e9-bc65-41d1-8e72-b25eecdd4e3a,0
81025,511,812a77e9-bc65-41d1-8e72-b25eecdd4e3a,0
81169,512,812a77e9-bc65-41d1-8e72-b25eecdd4e3a,0
81314,513,812a77e9-bc65-41d1-8e72-b25eecdd4e3a,0
81458,514,812a77e9-bc65-41d1-8e72-b25eecdd4e3a,0
81604,515,812a77e9-bc65-41d1-8e72-b25eecdd4e3a,0
81752,516,812a77e9-bc65-41d1-8e72-b25eecdd4e3a,0
81901,517,812a77e9-bc65-41d1-8e72-b25eecdd4e3a,0
82048,518,812a77e9-bc65-41d1-8e72-b25eecdd4e3a,0
82198,519,812a77e9-bc65-41d1-8e72-b25eecdd4e3a,0
82348,520,812a77e9-bc65-41d1-8e72-b25eecdd4e3a,0
82432,521,812a77e9-bc65-41d1-8e72-b25eecdd4e3a,0
82598,522,812a77e9-bc65-41d1-8e72-b25eecdd4e3a,0
82785,523,1c8850a2-185b-40ad-9888-3e2c44c150cb,0
82911,524,1c8850a2-185b-40ad-9888-3e2c44c150cb,0
83052,525,1c8850a2-185b-40ad-9888-3e2c44c150cb,0
83190,526,1c8850a2-185b-40ad-9888-3e2c44c150cb,0
83328,527,1c8850a2-185b-40ad-9888-3e2c44c150cb,0
83473,528,1c8850a2-185b-40ad-9888-3e2c44c150cb,0
83616,529,1c8850a2-185b-40ad-9888-3e2c44c150cb,0
83760,530,1c8850a2-185b-40ad-9888-3e2c44c150cb,0
83904,531,1c8850a2-185b-40ad-9888-3e2c44c150cb,0
84048,532,1c8850a2-185b-40ad-9888-3e2c44c150cb,0
84193,533,1c8850a2-185b-40ad-9888-3e2c44c150cb,0
84337,534,1c8850a2-185b-40ad-9888-3e2c44c150cb,0
84481,535,1c8850a2-185b-40ad-9888-3e2c44c150cb,0
84627,536,1c8850a2-185b-40ad-9888-3e2c44c150cb,0
84773,537,1c8850a2-185b-40ad-9888-3e2c44c150cb,0
84919,538,9daeb5e5-fa48-45e8-af5d-fce08b6316ee,0
85077,539,9daeb5e5-fa48-45e8-af5d-fce08b6316ee,0
85257,540,9daeb5e5-fa48-45e8-af5d-fce08b6316ee,0
85433,541,9daeb5e5-fa48-45e8-af5d-fce08b6316ee,0
85602,542,9daeb5e5-fa48-45e8-af5d-fce08b6316ee,0
85797,543,9daeb5e5-fa48-45e8-af5d-fce08b6316ee,0
85998,544,9daeb5e5-fa48-45e8-af5d-fce08b6316ee,0
86144,545,9daeb5e5-fa48-45e8-af5d-fce08b6316ee,0
86283,546,9daeb5e5-fa48-45e8-af5d-fce08b6316ee,0
86451,547,9daeb5e5-fa48-45e8-af5d-fce08b6316ee,0
86612,548,9daeb5e5-fa48-45e8-af5d-fce08b6316ee,0
86768,549,9daeb5e5-fa48-45e8-af5d-fce08b6316ee,0
86931,550,9daeb5e5-fa48-45e8-af5d-fce08b6316ee,0
87095,551,9daeb5e5-fa48-45e8-af5d-fce08b6316ee,0
87257,552,9daeb5e5-fa48-45e8-af5d-fce08b6316ee,0
87418,553,a92b6e12-54ff-4aae-9692-3bc672a77a77,0
87572,554,a92b6e12-54ff-4aae-9692-3bc672a77a77,0
87734,555,a92b6e12-54ff-4aae-9692-3bc672a77a77,0
87902,556,a92b6e12-54ff-4aae-9692-3bc672a77a77,0
88073,557,a92b6e12-54ff-4aae-9692-3bc672a77a77,0
88238,558,a92b6e12-54ff-4aae-9692-3bc672a77a77,0
88334,559,a92b6e12-54ff-4aae-9692-3bc672a77a77,0
88467,560,a92b6e12-54ff-4aae-9692-3bc672a77a77,0
88634,561,a92b6e12-54ff-4aae-9692-3bc672a77a77,0
88798,562,a92b6e12-54ff-4aae-9692-3bc672a77a77,0
88964,563,a92b6e12-54ff-4aae-9692-3bc672a77a77,0
89130,564,a92b6e12-54ff-4aae-9692-3bc672a77a77,0
89299,565,a92b6e12-54ff-4aae-9692-3bc672a77a77,0
89473,566,a92b6e12-54ff-4aae-9692-3bc672a77a77,0
89644,567,41d0910a-270f-4af0-99d3-217772d1aefb,0
89820,568,41d0910a-270f-4af0-99d3-217772d1aefb,0
89995,569,41d0910a-270f-4af0-99d3-217772d1aefb,0
90175,570,41d0910a-270f-4af0-99d3-217772d1aefb,0
90355,571,41d0910a-270f-4af0-99d3-217772d1aefb,0
90534,572,41d0910a-270f-4af0-99d3-217772d1aefb,0
90710,573,41d0910a-270f-4af0-99d3-217772d1aefb,0
90867,574,41d0910a-270f-4af0-99d3-217772d1aefb,0
91021,575,41d0910a-270f-4af0-99d3-217772d1aefb,0
91183,576,41d0910a-270f-4af0-99d3-217772d1aefb,0
91351,577,41d0910a-270f-4af0-99d3-217772d1aefb,0
91520,578,41d0910a-270f-4af0-99d3-217772d1aefb,0
91678,579,41d0910a-270f-4af0-99d3-217772d1aefb,0
91839,580,41d0910a-270f-4af0-99d3-217772d1aefb,0
92003,581,41d0910a-270f-4af0-99d3-217772d1aefb,0
92169,582,039aa305-0e3b-4ba5-951e-67b3c83abd20,0
92263,583,039aa305-0e3b-4ba5-951e-67b3c83abd20,0
92390,584,039aa305-0e3b-4ba5-951e-67b3c83abd20,0
92558,585,039aa305-0e3b-4ba5-951e-67b3c83abd20,0
92725,586,039aa305-0e3b-4ba5-951e-67b3c83abd20,0
92895,587,039aa305-0e3b-4ba5-951e-67b3c83abd20,0
93066,588,039aa305-0e3b-4ba5-951e-67b3c83abd20,0
93236,589,039aa305-0e3b-4ba5-951e-67b3c83abd20,0
93370,590,039aa305-0e3b-4ba5-951e-67b3c83abd20,0
93535,591,039aa305-0e3b-4ba5-951e-67b3c83abd20,0
93702,592,039aa305-0e3b-4ba5-951e-67b3c83abd20,0
93869,593,039aa305-0e3b-4ba5-951e-67b3c83abd20,0
93993,594,039aa305-0e3b-4ba5-951e-67b3c83abd20,0
94123,595,039aa305-0e3b-4ba5-951e-67b3c83abd20,0
147509,918,eb2d8db1-f3ed-45b9-af26-5e88dc6ae77a,1
147691,919,eb2d8db1-f3ed-45b9-af26-5e88dc6ae77a,1
147891,920,eb2d8db1-f3ed-45b9-af26-5e88dc6ae77a,1
148094,921,eb2d8db1-f3ed-45b9-af26-5e88dc6ae77a,1
148293,922,eb2d8db1-f3ed-45b9-af26-5e88dc6ae77a,1
148494,923,eb2d8db1-f3ed-45b9-af26-5e88dc6ae77a,1
148694,924,eb2d8db1-f3ed-45b9-af26-5e88dc6ae77a,1
148894,925,eb2d8db1-f3ed-45b9-af26-5e88dc6ae77a,1
149090,926,eb2d8db1-f3ed-45b9-af26-5e88dc6ae77a,1
149291,927,eb2d8db1-f3ed-45b9-af26-5e88dc6ae77a,1
149481,928,eb2d8db1-f3ed-45b9-af26-5e88dc6ae77a,1
149678,929,eb2d8db1-f3ed-45b9-af26-5e88dc6ae77a,1
149840,930,eb2d8db1-f3ed-45b9-af26-5e88dc6ae77a,1
150036,931,eb2d8db1-f3ed-45b9-af26-5e88dc6ae77a,1
150200,932,eb2d8db1-f3ed-45b9-af26-5e88dc6ae77a,1
150393,933,aa92e15d-8f7d-4e7b-a3af-f31da0ed07f6,1
150612,934,aa92e15d-8f7d-4e7b-a3af-f31da0ed07f6,1
150830,935,aa92e15d-8f7d-4e7b-a3af-f31da0ed07f6,1
151042,936,aa92e15d-8f7d-4e7b-a3af-f31da0ed07f6,1
151249,937,aa92e15d-8f7d-4e7b-a3af-f31da0ed07f6,1
151458,938,aa92e15d-8f7d-4e7b-a3af-f31da0ed07f6,1
151663,939,aa92e15d-8f7d-4e7b-a3af-f31da0ed07f6,1
151873,940,aa92e15d-8f7d-4e7b-a3af-f31da0ed07f6,1
152080,941,aa92e15d-8f7d-4e7b-a3af-f31da0ed07f6,1
152266,942,aa92e15d-8f7d-4e7b-a3af-f31da0ed07f6,1
152458,943,aa92e15d-8f7d-4e7b-a3af-f31da0ed07f6,1
152671,944,aa92e15d-8f7d-4e7b-a3af-f31da0ed07f6,1
152844,945,aa92e15d-8f7d-4e7b-a3af-f31da0ed07f6,1
153060,946,aa92e15d-8f7d-4e7b-a3af-f31da0ed07f6,1
153274,947,aa92e15d-8f7d-4e7b-a3af-f31da0ed07f6,1
153486,948,935b78bb-18a8-4623-a048-8c0fe92294df,1
153691,949,935b78bb-18a8-4623-a048-8c0fe92294df,1
153894,950,935b78bb-18a8-4623-a048-8c0fe92294df,1
154100,951,935b78bb-18a8-4623-a048-8c0fe92294df,1
154306,952,935b78bb-18a8-4623-a048-8c0fe92294df,1
154508,953,935b78bb-18a8-4623-a048-8c0fe92294df,1
154708,954,935b78bb-18a8-4623-a048-8c0fe92294df,1
154872,955,935b78bb-18a8-4623-a048-8c0fe92294df,1
155068,956,935b78bb-18a8-4623-a048-8c0fe92294df,1
155269,957,935b78bb-18a8-4623-a048-8c0fe92294df,1
155465,958,935b78bb-18a8-4623-a048-8c0fe92294df,1
155667,959,935b78bb-18a8-4623-a048-8c0fe92294df,1
155826,960,935b78bb-18a8-4623-a048-8c0fe92294df,1
156031,961,935b78bb-18a8-4623-a048-8c0fe92294df,1
156234,962,935b78bb-18a8-4623-a048-8c0fe92294df,1
156438,963,ba2ff2f7-91ae-4139-aed4-f4dea53ccdce,1
156670,964,ba2ff2f7-91ae-4139-aed4-f4dea53ccdce,1
156905,965,ba2ff2f7-91ae-4139-aed4-f4dea53ccdce,1
157141,966,ba2ff2f7-91ae-4139-aed4-f4dea53ccdce,1
157374,967,ba2ff2f7-91ae-4139-aed4-f4dea53ccdce,1
157542,968,ba2ff2f7-91ae-4139-aed4-f4dea53ccdce,1
157749,969,ba2ff2f7-91ae-4139-aed4-f4dea53ccdce,1
157964,970,ba2ff2f7-91ae-4139-aed4-f4dea53ccdce,1
158186,971,ba2ff2f7-91ae-4139-aed4-f4dea53ccdce,1
158409,972,ba2ff2f7-91ae-4139-aed4-f4dea53ccdce,1
158626,973,ba2ff2f7-91ae-4139-aed4-f4dea53ccdce,1
158842,974,ba2ff2f7-91ae-4139-aed4-f4dea53ccdce,1
159061,975,ba2ff2f7-91ae-4139-aed4-f4dea53ccdce,1
159275,976,ba2ff2f7-91ae-4139-aed4-f4dea53ccdce,1
159495,977,ba2ff2f7-91ae-4139-aed4-f4dea53ccdce,1
159713,978,32aaab5c-f464-4c6e-b749-c91a8f9829b1,1
159833,979,32aaab5c-f464-4c6e-b749-c91a8f9829b1,1
160060,980,32aaab5c-f464-4c6e-b749-c91a8f9829b1,1
160309,981,32aaab5c-f464-4c6e-b749-c91a8f9829b1,1
160497,982,32aaab5c-f464-4c6e-b749-c91a8f9829b1,1
160715,983,32aaab5c-f464-4c6e-b749-c91a8f9829b1,1
160872,984,32aaab5c-f464-4c6e-b749-c91a8f9829b1,1
161091,985,32aaab5c-f464-4c6e-b749-c91a8f9829b1,1
161267,986,32aaab5c-f464-4c6e-b749-c91a8f9829b1,1
161456,987,32aaab5c-f464-4c6e-b749-c91a8f9829b1,1
161695,988,32aaab5c-f464-4c6e-b749-c91a8f9829b1,1
161922,989,32aaab5c-f464-4c6e-b749-c91a8f9829b1,1
162164,990,32aaab5c-f464-4c6e-b749-c91a8f9829b1,1
162398,991,32aaab5c-f464-4c6e-b749-c91a8f9829b1,1
162626,992,32aaab5c-f464-4c6e-b749-c91a8f9829b1,1
162794,993,271fd0eb-c379-45f4-830f-cb3c71a1bdfb,1
163003,994,271fd0eb-c379-45f4-830f-cb3c71a1bdfb,1
163215,995,271fd0eb-c379-45f4-830f-cb3c71a1bdfb,1
163429,996,271fd0eb-c379-45f4-830f-cb3c71a1bdfb,1
163628,997,271fd0eb-c379-45f4-830f-cb3c71a1bdfb,1
163833,998,271fd0eb-c379-45f4-830f-cb3c71a1bdfb,1
164041,999,271fd0eb-c379-45f4-830f-cb3c71a1bdfb,1
164253,1000,271fd0eb-c379-45f4-830f-cb3c71a1bdfb,1
164462,1001,271fd0eb-c379-45f4-830f-cb3c71a1bdfb,1
164674,1002,271fd0eb-c379-45f4-830f-cb3c71a1bdfb,1
164885,1003,271fd0eb-c379-45f4-830f-cb3c71a1bdfb,1
165104,1004,271fd0eb-c379-45f4-830f-cb3c71a1bdfb,1
165318,1005,271fd0eb-c379-45f4-830f-cb3c71a1bdfb,1
165527,1006,271fd0eb-c379-45f4-830f-cb3c71a1bdfb,1
165701,1007,271fd0eb-c379-45f4-830f-cb3c71a1bdfb,1
165908,1008,43c8218f-d5d6-4471-a737-cf66818bbcaf,1
166126,1009,43c8218f-d5d6-4471-a737-cf66818bbcaf,1
166352,1010,43c8218f-d5d6-4471-a737-cf66818bbcaf,1
166570,1011,43c8218f-d5d6-4471-a737-cf66818bbcaf,1
166792,1012,43c8218f-d5d6-4471-a737-cf66818bbcaf,1
167009,1013,43c8218f-d5d6-4471-a737-cf66818bbcaf,1
167229,1014,43c8218f-d5d6-4471-a737-cf66818bbcaf,1
167435,1015,43c8218f-d5d6-4471-a737-cf66818bbcaf,1
167655,1016,43c8218f-d5d6-4471-a737-cf66818bbcaf,1
167822,1017,43c8218f-d5d6-4471-a737-cf66818bbcaf,1
168031,1018,43c8218f-d5d6-4471-a737-cf66818bbcaf,1
168238,1019,43c8218f-d5d6-4471-a737-cf66818bbcaf,1
168450,1020,43c8218f-d5d6-4471-a737-cf66818bbcaf,1
168658,1021,43c8218f-d5d6-4471-a737-cf66818bbcaf,1
168863,1022,43c8218f-d5d6-4471-a737-cf66818bbcaf,1
169068,1023,beef4f56-6659-4906-8c19-32a1b1ff3f17,1
169310,1024,beef4f56-6659-4906-8c19-32a1b1ff3f17,1
169552,1025,beef4f56-6659-4906-8c19-32a1b1ff3f17,1
169795,1026,beef4f56-6659-4906-8c19-32a1b1ff3f17,1
170036,1027,beef4f56-6659-4906-8c19-32a1b1ff3f17,1
170278,1028,beef4f56-6659-4906-8c19-32a1b1ff3f17,1
170524,1029,beef4f56-6659-4906-8c19-32a1b1ff3f17,1
170765,1030,beef4f56-6659-4906-8c19-32a1b1ff3f17,1
171011,1031,beef4f56-6659-4906-8c19-32a1b1ff3f17,1
171256,1032,beef4f56-6659-4906-8c19-32a1b1ff3f17,1
171502,1033,beef4f56-6659-4906-8c19-32a1b1ff3f17,1
171747,1034,beef4f56-6659-4906-8c19-32a1b1ff3f17,1
171997,1035,beef4f56-6659-4906-8c19-32a1b1ff3f17,1
172242,1036,beef4f56-6659-4906-8c19-32a1b1ff3f17,1
172486,1037,beef4f56-6659-4906-8c19-32a1b1ff3f17,1
172735,1038,f3f346e7-f488-4f29-80bf-fb3c6e1175b1,1
172933,1039,f3f346e7-f488-4f29-80bf-fb3c6e1175b1,1
173136,1040,f3f346e7-f488-4f29-80bf-fb3c6e1175b1,1
173342,1041,f3f346e7-f488-4f29-80bf-fb3c6e1175b1,1
173507,1042,f3f346e7-f488-4f29-80bf-fb3c6e1175b1,1
173714,1043,f3f346e7-f488-4f29-80bf-fb3c6e1175b1,1
173878,1044,f3f346e7-f488-4f29-80bf-fb3c6e1175b1,1
174090,1045,f3f346e7-f488-4f29-80bf-fb3c6e1175b1,1
174299,1046,f3f346e7-f488-4f29-80bf-fb3c6e1175b1,1
174511,1047,f3f346e7-f488-4f29-80bf-fb3c6e1175b1,1
174719,1048,f3f346e7-f488-4f29-80bf-fb3c6e1175b1,1
174928,1049,f3f346e7-f488-4f29-80bf-fb3c6e1175b1,1
175130,1050,f3f346e7-f488-4f29-80bf-fb3c6e1175b1,1
175335,1051,f3f346e7-f488-4f29-80bf-fb3c6e1175b1,1
175540,1052,f3f346e7-f488-4f29-80bf-fb3c6e1175b1,1
177960,1068,613f334d-b823-433d-927c-3b9604a14022,1
178207,1069,6cb25e05-5a16-48ca-b25a-c2c30f0a403c,1
178431,1070,6cb25e05-5a16-48ca-b25a-c2c30f0a403c,1
178653,1071,6cb25e05-5a16-48ca-b25a-c2c30f0a403c,1
178872,1072,6cb25e05-5a16-48ca-b25a-c2c30f0a403c,1
179087,1073,6cb25e05-5a16-48ca-b25a-c2c30f0a403c,1
179314,1074,6cb25e05-5a16-48ca-b25a-c2c30f0a403c,1
179497,1075,6cb25e05-5a16-48ca-b25a-c2c30f0a403c,1
179710,1076,6cb25e05-5a16-48ca-b25a-c2c30f0a403c,1
179923,1077,6cb25e05-5a16-48ca-b25a-c2c30f0a403c,1
180141,1078,6cb25e05-5a16-48ca-b25a-c2c30f0a403c,1
180354,1079,6cb25e05-5a16-48ca-b25a-c2c30f0a403c,1
180558,1080,6cb25e05-5a16-48ca-b25a-c2c30f0a403c,1
180765,1081,6cb25e05-5a16-48ca-b25a-c2c30f0a403c,1
180972,1082,6cb25e05-5a16-48ca-b25a-c2c30f0a403c,1
181134,1083,6cb25e05-5a16-48ca-b25a-c2c30f0a403c,1
182862,1097,b43f33d9-0f24-441e-ab6c-33431773f3b8,1
183074,1098,b43f33d9-0f24-441e-ab6c-33431773f3b8,1
183290,1099,b43f33d9-0f24-441e-ab6c-33431773f3b8,1
183494,1100,b43f33d9-0f24-441e-ab6c-33431773f3b8,1
183706,1101,b43f33d9-0f24-441e-ab6c-33431773f3b8,1
183922,1102,b43f33d9-0f24-441e-ab6c-33431773f3b8,1
184080,1103,b43f33d9-0f24-441e-ab6c-33431773f3b8,1
184262,1104,b43f33d9-0f24-441e-ab6c-33431773f3b8,1
184483,1105,b43f33d9-0f24-441e-ab6c-33431773f3b8,1
184653,1106,b43f33d9-0f24-441e-ab6c-33431773f3b8,1
184866,1107,b43f33d9-0f24-441e-ab6c-33431773f3b8,1
185079,1108,b43f33d9-0f24-441e-ab6c-33431773f3b8,1
185290,1109,b43f33d9-0f24-441e-ab6c-33431773f3b8,1
185503,1110,b43f33d9-0f24-441e-ab6c-33431773f3b8,1
185710,1111,b43f33d9-0f24-441e-ab6c-33431773f3b8,1
185868,1112,9d899402-51eb-424d-96ff-2b3cc4dd9df7,1
186083,1113,9d899402-51eb-424d-96ff-2b3cc4dd9df7,1
186296,1114,9d899402-51eb-424d-96ff-2b3cc4dd9df7,1
186490,1115,9d899402-51eb-424d-96ff-2b3cc4dd9df7,1
186686,1116,9d899402-51eb-424d-96ff-2b3cc4dd9df7,1
186901,1117,9d899402-51eb-424d-96ff-2b3cc4dd9df7,1
187107,1118,9d899402-51eb-424d-96ff-2b3cc4dd9df7,1
187317,1119,9d899402-51eb-424d-96ff-2b3cc4dd9df7,1
187528,1120,9d899402-51eb-424d-96ff-2b3cc4dd9df7,1
187733,1121,9d899402-51eb-424d-96ff-2b3cc4dd9df7,1
187942,1122,9d899402-51eb-424d-96ff-2b3cc4dd9df7,1
188147,1123,9d899402-51eb-424d-96ff-2b3cc4dd9df7,1
188350,1124,9d899402-51eb-424d-96ff-2b3cc4dd9df7,1
188556,1125,9d899402-51eb-424d-96ff-2b3cc4dd9df7,1
188760,1126,9d899402-51eb-424d-96ff-2b3cc4dd9df7,1
188962,1127,b2a037b2-390b-4936-a3cd-9bdbaeee3fc2,1
189170,1128,b2a037b2-390b-4936-a3cd-9bdbaeee3fc2,1
189379,1129,b2a037b2-390b-4936-a3cd-9bdbaeee3fc2,1
189596,1130,b2a037b2-390b-4936-a3cd-9bdbaeee3fc2,1
189816,1131,b2a037b2-390b-4936-a3cd-9bdbaeee3fc2,1
190041,1132,b2a037b2-390b-4936-a3cd-9bdbaeee3fc2,1
190258,1133,b2a037b2-390b-4936-a3cd-9bdbaeee3fc2,1
190482,1134,b2a037b2-390b-4936-a3cd-9bdbaeee3fc2,1
190705,1135,b2a037b2-390b-4936-a3cd-9bdbaeee3fc2,1
190921,1136,b2a037b2-390b-4936-a3cd-9bdbaeee3fc2,1
191143,1137,b2a037b2-390b-4936-a3cd-9bdbaeee3fc2,1
191366,1138,b2a037b2-390b-4936-a3cd-9bdbaeee3fc2,1
191589,1139,b2a037b2-390b-4936-a3cd-9bdbaeee3fc2,1
191772,1140,b2a037b2-390b-4936-a3cd-9bdbaeee3fc2,1
191920,1141,b2a037b2-390b-4936-a3cd-9bdbaeee3fc2,1
192004,1142,740746bb-f441-436a-8b93-d95b65c9e9cb,1
192196,1143,740746bb-f441-436a-8b93-d95b65c9e9cb,1
192401,1144,740746bb-f441-436a-8b93-d95b65c9e9cb,1
192571,1145,740746bb-f441-436a-8b93-d95b65c9e9cb,1
192761,1146,740746bb-f441-436a-8b93-d95b65c9e9cb,1
192966,1147,740746bb-f441-436a-8b93-d95b65c9e9cb,1
193168,1148,740746bb-f441-436a-8b93-d95b65c9e9cb,1
193368,1149,740746bb-f441-436a-8b93-d95b65c9e9cb,1
193564,1150,740746bb-f441-436a-8b93-d95b65c9e9cb,1
193708,1151,740746bb-f441-436a-8b93-d95b65c9e9cb,1
193900,1152,740746bb-f441-436a-8b93-d95b65c9e9cb,1
194051,1153,740746bb-f441-436a-8b93-d95b65c9e9cb,1
194250,1154,740746bb-f441-436a-8b93-d95b65c9e9cb,1
194439,1155,740746bb-f441-436a-8b93-d95b65c9e9cb,1
194546,1156,740746bb-f441-436a-8b93-d95b65c9e9cb,1
106284,671,7712c7fc-874c-4685-a0fe-d9be33908ed8,2
106410,672,7712c7fc-874c-4685-a0fe-d9be33908ed8,2
106529,673,7712c7fc-874c-4685-a0fe-d9be33908ed8,2
106650,674,7712c7fc-874c-4685-a0fe-d9be33908ed8,2
106773,675,7712c7fc-874c-4685-a0fe-d9be33908ed8,2
106894,676,7712c7fc-874c-4685-a0fe-d9be33908ed8,2
107013,677,7712c7fc-874c-4685-a0fe-d9be33908ed8,2
107133,678,7712c7fc-874c-4685-a0fe-d9be33908ed8,2
107253,679,7712c7fc-874c-4685-a0fe-d9be33908ed8,2
107373,680,7712c7fc-874c-4685-a0fe-d9be33908ed8,2
107494,681,7712c7fc-874c-4685-a0fe-d9be33908ed8,2
107620,682,7712c7fc-874c-4685-a0fe-d9be33908ed8,2
107741,683,7712c7fc-874c-4685-a0fe-d9be33908ed8,2
107859,684,7712c7fc-874c-4685-a0fe-d9be33908ed8,2
107980,685,7712c7fc-874c-4685-a0fe-d9be33908ed8,2
108103,686,0040feec-0a59-43ae-856b-811acc7cb750,2
108304,687,0040feec-0a59-43ae-856b-811acc7cb750,2
108500,688,0040feec-0a59-43ae-856b-811acc7cb750,2
108696,689,0040feec-0a59-43ae-856b-811acc7cb750,2
108894,690,0040feec-0a59-43ae-856b-811acc7cb750,2
109097,691,0040feec-0a59-43ae-856b-811acc7cb750,2
109301,692,0040feec-0a59-43ae-856b-811acc7cb750,2
109506,693,0040feec-0a59-43ae-856b-811acc7cb750,2
109708,694,0040feec-0a59-43ae-856b-811acc7cb750,2
109885,695,0040feec-0a59-43ae-856b-811acc7cb750,2
110058,696,0040feec-0a59-43ae-856b-811acc7cb750,2
110246,697,0040feec-0a59-43ae-856b-811acc7cb750,2
110438,698,0040feec-0a59-43ae-856b-811acc7cb750,2
110593,699,0040feec-0a59-43ae-856b-811acc7cb750,2
110751,700,0040feec-0a59-43ae-856b-811acc7cb750,2
110957,701,6fd33655-9246-43f0-af75-cf0a95074e5b,2
111126,702,6fd33655-9246-43f0-af75-cf0a95074e5b,2
111288,703,6fd33655-9246-43f0-af75-cf0a95074e5b,2
111449,704,6fd33655-9246-43f0-af75-cf0a95074e5b,2
111617,705,6fd33655-9246-43f0-af75-cf0a95074e5b,2
111784,706,6fd33655-9246-43f0-af75-cf0a95074e5b,2
111951,707,6fd33655-9246-43f0-af75-cf0a95074e5b,2
112130,708,6fd33655-9246-43f0-af75-cf0a95074e5b,2
112313,709,6fd33655-9246-43f0-af75-cf0a95074e5b,2
112505,710,6fd33655-9246-43f0-af75-cf0a95074e5b,2
112684,711,6fd33655-9246-43f0-af75-cf0a95074e5b,2
112868,712,6fd33655-9246-43f0-af75-cf0a95074e5b,2
113043,713,6fd33655-9246-43f0-af75-cf0a95074e5b,2
113237,714,6fd33655-9246-43f0-af75-cf0a95074e5b,2
113417,715,6fd33655-9246-43f0-af75-cf0a95074e5b,2
113588,716,9a25de74-3b40-4944-b1e2-5041a587db30,2
113778,717,9a25de74-3b40-4944-b1e2-5041a587db30,2
113969,718,9a25de74-3b40-4944-b1e2-5041a587db30,2
114161,719,9a25de74-3b40-4944-b1e2-5041a587db30,2
114351,720,9a25de74-3b40-4944-b1e2-5041a587db30,2
114474,721,9a25de74-3b40-4944-b1e2-5041a587db30,2
114614,722,9a25de74-3b40-4944-b1e2-5041a587db30,2
114791,723,9a25de74-3b40-4944-b1e2-5041a587db30,2
114970,724,9a25de74-3b40-4944-b1e2-5041a587db30,2
115150,725,9a25de74-3b40-4944-b1e2-5041a587db30,2
115322,726,9a25de74-3b40-4944-b1e2-5041a587db30,2
115430,727,9a25de74-3b40-4944-b1e2-5041a587db30,2
115598,728,9a25de74-3b40-4944-b1e2-5041a587db30,2
115766,729,9a25de74-3b40-4944-b1e2-5041a587db30,2
115937,730,9a25de74-3b40-4944-b1e2-5041a587db30,2
116109,731,bd890d15-75d8-4df2-8c66-5d95889aeafb,2
116260,732,bd890d15-75d8-4df2-8c66-5d95889aeafb,2
116407,733,bd890d15-75d8-4df2-8c66-5d95889aeafb,2
116564,734,bd890d15-75d8-4df2-8c66-5d95889aeafb,2
116717,735,bd890d15-75d8-4df2-8c66-5d95889aeafb,2
116866,736,bd890d15-75d8-4df2-8c66-5d95889aeafb,2
117017,737,bd890d15-75d8-4df2-8c66-5d95889aeafb,2
117170,738,bd890d15-75d8-4df2-8c66-5d95889aeafb,2
117321,739,bd890d15-75d8-4df2-8c66-5d95889aeafb,2
117475,740,bd890d15-75d8-4df2-8c66-5d95889aeafb,2
117630,741,bd890d15-75d8-4df2-8c66-5d95889aeafb,2
117781,742,bd890d15-75d8-4df2-8c66-5d95889aeafb,2
117936,743,bd890d15-75d8-4df2-8c66-5d95889aeafb,2
118093,744,bd890d15-75d8-4df2-8c66-5d95889aeafb,2
118248,745,bd890d15-75d8-4df2-8c66-5d95889aeafb,2
118399,746,b414b34b-0071-4b4f-9633-32e0a87338b7,2
118538,747,b414b34b-0071-4b4f-9633-32e0a87338b7,2
118696,748,b414b34b-0071-4b4f-9633-32e0a87338b7,2
118858,749,b414b34b-0071-4b4f-9633-32e0a87338b7,2
119042,750,b414b34b-0071-4b4f-9633-32e0a87338b7,2
119220,751,b414b34b-0071-4b4f-9633-32e0a87338b7,2
119386,752,b414b34b-0071-4b4f-9633-32e0a87338b7,2
119561,753,b414b34b-0071-4b4f-9633-32e0a87338b7,2
119771,754,b414b34b-0071-4b4f-9633-32e0a87338b7,2
119977,755,b414b34b-0071-4b4f-9633-32e0a87338b7,2
120174,756,b414b34b-0071-4b4f-9633-32e0a87338b7,2
120296,757,b414b34b-0071-4b4f-9633-32e0a87338b7,2
120497,758,b414b34b-0071-4b4f-9633-32e0a87338b7,2
120697,759,b414b34b-0071-4b4f-9633-32e0a87338b7,2
120876,760,b414b34b-0071-4b4f-9633-32e0a87338b7,2
121051,761,f7a6c32f-fe41-420d-80ea-ceb9a6bc21a2,2
121214,762,f7a6c32f-fe41-420d-80ea-ceb9a6bc21a2,2
121389,763,f7a6c32f-fe41-420d-80ea-ceb9a6bc21a2,2
121561,764,f7a6c32f-fe41-420d-80ea-ceb9a6bc21a2,2
121728,765,f7a6c32f-fe41-420d-80ea-ceb9a6bc21a2,2
121892,766,f7a6c32f-fe41-420d-80ea-ceb9a6bc21a2,2
121999,767,f7a6c32f-fe41-420d-80ea-ceb9a6bc21a2,2
122174,768,f7a6c32f-fe41-420d-80ea-ceb9a6bc21a2,2
122342,769,f7a6c32f-fe41-420d-80ea-ceb9a6bc21a2,2
122512,770,f7a6c32f-fe41-420d-80ea-ceb9a6bc21a2,2
122679,771,f7a6c32f-fe41-420d-80ea-ceb9a6bc21a2,2
122844,772,f7a6c32f-fe41-420d-80ea-ceb9a6bc21a2,2
123020,773,f7a6c32f-fe41-420d-80ea-ceb9a6bc21a2,2
123188,774,f7a6c32f-fe41-420d-80ea-ceb9a6bc21a2,2
123362,775,f7a6c32f-fe41-420d-80ea-ceb9a6bc21a2,2
123540,776,1d642526-eba1-41b3-8abd-4972d6e3fc8b,2
123683,777,1d642526-eba1-41b3-8abd-4972d6e3fc8b,2
123860,778,1d642526-eba1-41b3-8abd-4972d6e3fc8b,2
124040,779,1d642526-eba1-41b3-8abd-4972d6e3fc8b,2
124173,780,1d642526-eba1-41b3-8abd-4972d6e3fc8b,2
124338,781,1d642526-eba1-41b3-8abd-4972d6e3fc8b,2
124503,782,1d642526-eba1-41b3-8abd-4972d6e3fc8b,2
124662,783,1d642526-eba1-41b3-8abd-4972d6e3fc8b,2
124826,784,1d642526-eba1-41b3-8abd-4972d6e3fc8b,2
125002,785,1d642526-eba1-41b3-8abd-4972d6e3fc8b,2
125163,786,1d642526-eba1-41b3-8abd-4972d6e3fc8b,2
125327,787,1d642526-eba1-41b3-8abd-4972d6e3fc8b,2
125473,788,1d642526-eba1-41b3-8abd-4972d6e3fc8b,2
125647,789,1d642526-eba1-41b3-8abd-4972d6e3fc8b,2
125815,790,1d642526-eba1-41b3-8abd-4972d6e3fc8b,2
125982,791,5df0ec01-40f5-4acf-9f33-ad21f2cb1981,2
126168,792,5df0ec01-40f5-4acf-9f33-ad21f2cb1981,2
126289,793,5df0ec01-40f5-4acf-9f33-ad21f2cb1981,2
126459,794,5df0ec01-40f5-4acf-9f33-ad21f2cb1981,2
126621,795,5df0ec01-40f5-4acf-9f33-ad21f2cb1981,2
126783,796,5df0ec01-40f5-4acf-9f33-ad21f2cb1981,2
126939,797,5df0ec01-40f5-4acf-9f33-ad21f2cb1981,2
127104,798,5df0ec01-40f5-4acf-9f33-ad21f2cb1981,2
127272,799,5df0ec01-40f5-4acf-9f33-ad21f2cb1981,2
127439,800,5df0ec01-40f5-4acf-9f33-ad21f2cb1981,2
127598,801,5df0ec01-40f5-4acf-9f33-ad21f2cb1981,2
127760,802,5df0ec01-40f5-4acf-9f33-ad21f2cb1981,2
127925,803,5df0ec01-40f5-4acf-9f33-ad21f2cb1981,2
128090,804,5df0ec01-40f5-4acf-9f33-ad21f2cb1981,2
128256,805,5df0ec01-40f5-4acf-9f33-ad21f2cb1981,2
128422,806,875e92d9-30cf-487c-b8cb-def23064237d,2
128574,807,875e92d9-30cf-487c-b8cb-def23064237d,2
128728,808,875e92d9-30cf-487c-b8cb-def23064237d,2
128883,809,875e92d9-30cf-487c-b8cb-def23064237d,2
129028,810,875e92d9-30cf-487c-b8cb-def23064237d,2
129146,811,875e92d9-30cf-487c-b8cb-def23064237d,2
129296,812,875e92d9-30cf-487c-b8cb-def23064237d,2
129441,813,875e92d9-30cf-487c-b8cb-def23064237d,2
129581,814,875e92d9-30cf-487c-b8cb-def23064237d,2
129722,815,875e92d9-30cf-487c-b8cb-def23064237d,2
129811,816,875e92d9-30cf-487c-b8cb-def23064237d,2
129972,817,875e92d9-30cf-487c-b8cb-def23064237d,2
130126,818,875e92d9-30cf-487c-b8cb-def23064237d,2
130282,819,875e92d9-30cf-487c-b8cb-def23064237d,2
130434,820,875e92d9-30cf-487c-b8cb-def23064237d,2
130591,821,ae7e316d-60a1-4ccf-80ff-f861d500f162,2
130760,822,ae7e316d-60a1-4ccf-80ff-f861d500f162,2
130931,823,ae7e316d-60a1-4ccf-80ff-f861d500f162,2
131108,824,ae7e316d-60a1-4ccf-80ff-f861d500f162,2
131293,825,ae7e316d-60a1-4ccf-80ff-f861d500f162,2
131473,826,ae7e316d-60a1-4ccf-80ff-f861d500f162,2
131656,827,ae7e316d-60a1-4ccf-80ff-f861d500f162,2
131840,828,ae7e316d-60a1-4ccf-80ff-f861d500f162,2
132026,829,ae7e316d-60a1-4ccf-80ff-f861d500f162,2
132216,830,ae7e316d-60a1-4ccf-80ff-f861d500f162,2
132415,831,ae7e316d-60a1-4ccf-80ff-f861d500f162,2
132607,832,ae7e316d-60a1-4ccf-80ff-f861d500f162,2
132798,833,ae7e316d-60a1-4ccf-80ff-f861d500f162,2
132918,834,ae7e316d-60a1-4ccf-80ff-f861d500f162,2
133076,835,ae7e316d-60a1-4ccf-80ff-f861d500f162,2
133235,836,a7d111c5-1af6-4d1e-b0c9-a542f4dffbaf,2
133395,837,a7d111c5-1af6-4d1e-b0c9-a542f4dffbaf,2
133592,838,a7d111c5-1af6-4d1e-b0c9-a542f4dffbaf,2
133780,839,a7d111c5-1af6-4d1e-b0c9-a542f4dffbaf,2
133966,840,a7d111c5-1af6-4d1e-b0c9-a542f4dffbaf,2
134158,841,a7d111c5-1af6-4d1e-b0c9-a542f4dffbaf,2
134341,842,a7d111c5-1af6-4d1e-b0c9-a542f4dffbaf,2
175747,1053,75291f69-606a-4ecc-b3c7-d2f2d6fb707d,2
175907,1054,75291f69-606a-4ecc-b3c7-d2f2d6fb707d,2
176067,1055,75291f69-606a-4ecc-b3c7-d2f2d6fb707d,2
176227,1056,75291f69-606a-4ecc-b3c7-d2f2d6fb707d,2
176376,1057,75291f69-606a-4ecc-b3c7-d2f2d6fb707d,2
176522,1058,75291f69-606a-4ecc-b3c7-d2f2d6fb707d,2
176677,1059,75291f69-606a-4ecc-b3c7-d2f2d6fb707d,2
176827,1060,75291f69-606a-4ecc-b3c7-d2f2d6fb707d,2
176978,1061,75291f69-606a-4ecc-b3c7-d2f2d6fb707d,2
177129,1062,75291f69-606a-4ecc-b3c7-d2f2d6fb707d,2
177268,1063,75291f69-606a-4ecc-b3c7-d2f2d6fb707d,2
177409,1064,75291f69-606a-4ecc-b3c7-d2f2d6fb707d,2
177494,1065,75291f69-606a-4ecc-b3c7-d2f2d6fb707d,2
177649,1066,75291f69-606a-4ecc-b3c7-d2f2d6fb707d,2
177806,1067,75291f69-606a-4ecc-b3c7-d2f2d6fb707d,2
